id,event_type,event_cause,corridor,junction,zone,time_slot,requires_road_closure,daily_rain_mm,predicted_clearance_min,planned_impact_baseline,impact_score,impact_band
FKID003465,planned,construction,Non-corridor,,,midday,True,2.3,259.94498,100.0,84.2,High
FKID005136,planned,public_event,Non-corridor,,,morning_peak,True,2.3,39.154995,100.0,82.5,High
FKID002665,planned,construction,Non-corridor,,,night,True,2.3,199.291,100.0,81.1,High
FKID003965,planned,tree_fall,Non-corridor,,,morning_peak,True,2.3,85.033905,100.0,81.1,High
FKID001965,planned,construction,Non-corridor,,,night,True,2.3,88.130646,100.0,78.6,High
FKID004711,planned,public_event,Non-corridor,,West Zone 1,night,True,2.3,55.641136,100.0,78.5,High
FKID004640,planned,construction,Non-corridor,,North Zone 1,night,True,2.3,84.94333,100.0,78.5,High
FKID000834,planned,construction,Non-corridor,,,night,True,2.3,67.31385,100.0,78.1,High
FKID004823,planned,construction,Non-corridor,,East Zone 2,evening_peak,True,1.5,100.23321,100.0,78.0,High
FKID004641,planned,public_event,Non-corridor,,South Zone 2,morning_peak,True,1.5,59.659374,100.0,77.8,High
FKID001691,planned,public_event,Non-corridor,,,morning_peak,True,1.5,52.94534,100.0,77.6,High
FKID005877,planned,construction,Non-corridor,K H Road-SiddaiahRdJunc(BMTC-BigBazaar),Central Zone 2,night,True,1.5,239.16269,100.0,76.9,High
FKID005111,planned,construction,Non-corridor,,East Zone 2,evening_peak,True,1.5,49.52807,100.0,76.9,High
FKID004653,planned,construction,Non-corridor,,East Zone 2,evening_peak,True,1.5,44.62118,100.0,76.7,High
FKID005611,planned,construction,Non-corridor,,Central Zone 1,night,True,2.3,1.2957423,100.0,76.6,High
FKID001276,planned,construction,Non-corridor,,,midday,True,1.5,156.43729,100.0,76.5,High
FKID005652,planned,construction,Non-corridor,,East Zone 2,evening_peak,True,1.5,14.842233,100.0,76.0,High
FKID004272,planned,construction,Non-corridor,,East Zone 2,evening_peak,True,1.5,8.944817,100.0,75.9,High
FKID007787,planned,procession,Non-corridor,BEML GateJunc(SuranjandasRd),Central Zone 1,night,True,2.3,48.88071,100.0,75.9,High
FKID000988,planned,construction,Non-corridor,,,evening_peak,True,1.5,5.808804,100.0,75.8,High
FKID005389,planned,construction,Non-corridor,,Central Zone 1,morning_peak,True,1.5,1.4101825,100.0,75.7,High
FKID004996,planned,construction,Non-corridor,,Central Zone 1,evening_peak,True,1.5,1.5125213,100.0,75.7,High
FKID004467,planned,procession,Non-corridor,,West Zone 1,night,True,2.3,9.254986,100.0,75.0,High
FKID000922,planned,protest,Non-corridor,,,night,True,2.3,6.306664,100.0,74.9,High
FKID000921,planned,protest,Non-corridor,,,night,True,2.3,6.306664,100.0,74.9,High
FKID007932,planned,construction,Non-corridor,SadashivnagarJunc,,midday,True,1.5,54.043507,100.0,74.2,High
FKID003127,planned,public_event,Non-corridor,,,midday,True,1.5,10.136734,100.0,73.8,High
FKID007487,planned,public_event,Non-corridor,BinnyMillJunction,Central Zone 2,night,True,1.5,66.4723,100.0,73.5,High
FKID003180,planned,procession,Non-corridor,,,midday,True,1.5,96.46883,100.0,73.4,High
FKID005091,planned,construction,Non-corridor,,East Zone 2,night,True,1.5,86.33726,100.0,73.3,High
FKID000355,planned,construction,Non-corridor,,,night,True,1.5,81.155334,100.0,73.2,High
FKID001269,planned,construction,Non-corridor,,,midday,True,1.5,8.154009,100.0,73.1,High
FKID000468,planned,procession,Non-corridor,,,night,True,1.5,146.3864,100.0,72.9,High
FKID002224,planned,construction,Non-corridor,,,night,True,1.5,68.5775,100.0,72.9,High
FKID007991,planned,public_event,Non-corridor,KrishnaFlourMill,,night,True,1.5,36.020786,100.0,72.8,High
FKID007660,planned,construction,Non-corridor,UpparpetJunction,Central Zone 2,night,True,1.5,54.36098,100.0,72.6,High
FKID004910,planned,construction,Non-corridor,,Central Zone 1,night,True,1.5,50.79734,100.0,72.5,High
FKID007137,planned,construction,Non-corridor,BucheryJunction,Central Zone 1,night,True,1.5,24.837532,100.0,71.9,High
FKID004509,planned,procession,Non-corridor,,,night,True,1.5,101.78328,100.0,71.9,High
FKID000045,planned,construction,Non-corridor,,,night,True,1.5,20.645687,100.0,71.8,High
FKID004750,planned,procession,Non-corridor,,North Zone 2,night,True,1.5,95.4103,100.0,71.8,High
FKID005446,planned,construction,Non-corridor,,Central Zone 1,night,True,1.5,20.970633,100.0,71.8,High
FKID002039,planned,construction,Non-corridor,,,night,True,1.5,14.883771,100.0,71.6,High
FKID005405,planned,construction,Non-corridor,,Central Zone 1,night,True,1.5,8.120254,100.0,71.5,High
FKID000895,planned,construction,Non-corridor,,,night,True,1.5,5.255288,100.0,71.4,High
FKID000253,planned,construction,Non-corridor,,,night,True,1.5,4.152374,100.0,71.4,High
FKID004918,planned,construction,Non-corridor,,Central Zone 1,night,True,1.5,2.2515867,100.0,71.4,High
FKID005591,planned,construction,Non-corridor,,Central Zone 1,night,True,1.5,1.824817,100.0,71.3,High
FKID005403,planned,construction,Non-corridor,,Central Zone 1,night,True,1.5,1.2908685,100.0,71.3,High
FKID007215,planned,procession,Non-corridor,KCG HospitalJunction,Central Zone 2,night,True,1.5,24.368345,100.0,70.1,High
FKID002254,planned,procession,Non-corridor,,,night,True,1.5,16.474586,100.0,69.9,High
FKID001198,planned,protest,Non-corridor,,,night,True,1.5,3.1984982,100.0,69.6,High
FKID000433,planned,public_event,Non-corridor,,,,True,0.0,95.2936,100.0,65.6,Medium
FKID007173,planned,public_event,Non-corridor,KarnatakaBhavanJunction,Central Zone 2,,True,0.0,74.35885,100.0,65.1,Medium
FKID000894,planned,construction,Non-corridor,KrishnaFlourMill,Central Zone 2,,True,0.0,102.84006,100.0,65.1,Medium
FKID000994,planned,public_event,Non-corridor,,,,True,0.0,73.87944,100.0,65.1,Medium
FKID000898,planned,construction,Non-corridor,KrishnaFlourMill,Central Zone 2,,True,0.0,102.84006,100.0,65.1,Medium
FKID004632,planned,public_event,Non-corridor,,,,True,0.0,61.228176,100.0,64.8,Medium
FKID004088,planned,construction,Non-corridor,VishweswaraiahJunctio(Uttamsagar),North Zone 1,,True,0.0,89.806114,100.0,64.8,Medium
FKID003758,planned,public_event,Non-corridor,,,,True,0.0,56.01484,100.0,64.7,Medium
FKID001801,planned,public_event,Non-corridor,,,,True,0.0,57.021515,100.0,64.7,Medium
FKID001734,planned,public_event,Non-corridor,,,,True,0.0,39.617336,100.0,64.3,Medium
FKID008130,planned,public_event,Non-corridor,"PriyadarshiniHotel,Jayamahal,RT Nagar",,,True,0.0,33.44492,100.0,64.2,Medium
FKID000437,planned,public_event,Non-corridor,,,,True,0.0,30.327017,100.0,64.1,Medium
FKID003755,planned,public_event,Non-corridor,,,,True,0.0,27.238985,100.0,64.1,Medium
FKID005805,planned,public_event,Non-corridor,BanashankariBusStandJunc,South Zone 1,,True,0.0,23.88043,100.0,64.0,Medium
FKID005806,planned,public_event,Non-corridor,BanashankariBusStandJunc,South Zone 1,,True,0.0,23.88043,100.0,64.0,Medium
FKID004707,planned,public_event,Non-corridor,,West Zone 1,,True,0.0,26.484907,100.0,64.0,Medium
FKID001481,planned,public_event,Non-corridor,,,,True,0.0,25.683216,100.0,64.0,Medium
FKID006030,planned,construction,Non-corridor,SubbannaJunction,Central Zone 2,,True,0.0,45.414467,100.0,63.8,Medium
FKID006647,planned,construction,Non-corridor,SubedarChatramRd near SheshadripuramPS,Central Zone 2,,True,0.0,46.135498,100.0,63.8,Medium
FKID004771,planned,public_event,Non-corridor,,West Zone 1,,True,0.0,17.339048,100.0,63.8,Medium
FKID004426,planned,public_event,Non-corridor,,East Zone 1,,True,0.0,17.339048,100.0,63.8,Medium
FKID006648,planned,construction,Non-corridor,SubedarChatramRd near SheshadripuramPS,Central Zone 2,,True,0.0,46.135498,100.0,63.8,Medium
FKID000737,planned,public_event,Non-corridor,,,,True,0.0,17.339048,100.0,63.8,Medium
FKID002486,planned,construction,Non-corridor,SubbannaJunction,Central Zone 2,,True,0.0,42.955547,100.0,63.7,Medium
FKID007636,planned,construction,Non-corridor,UpparpetJunction,Central Zone 2,,True,0.0,36.917442,100.0,63.6,Medium
FKID000637,planned,construction,Non-corridor,,North Zone 1,,True,0.0,32.50055,100.0,63.5,Medium
FKID005833,planned,construction,Non-corridor,PlatformRdJunction,Central Zone 2,,True,0.0,33.834854,100.0,63.5,Medium
FKID000997,planned,construction,Non-corridor,,,,True,0.0,33.29827,100.0,63.5,Medium
FKID005283,planned,construction,Non-corridor,,North Zone 1,,True,0.0,32.50055,100.0,63.5,Medium
FKID003130,planned,construction,Non-corridor,,,,True,0.0,29.030443,100.0,63.4,Medium
FKID006210,planned,construction,Non-corridor,UttarahalliJunction,South Zone 1,,True,0.0,29.812284,100.0,63.4,Medium
FKID002354,planned,construction,Non-corridor,"Trilight Circle,Race course Road",Central Zone 2,,True,0.0,26.967318,100.0,63.3,Medium
FKID002018,planned,construction,Non-corridor,NavarangBarJunc-Dr RajkumarRd,West Zone 2,,True,0.0,24.827433,100.0,63.3,Medium
FKID004430,planned,public_event,Non-corridor,,,evening_peak,False,1.5,350.6407,100.0,62.5,Medium
FKID006315,planned,procession,Non-corridor,K R Circle,Central Zone 2,,True,0.0,48.11615,100.0,62.1,Medium
FKID001167,planned,procession,Non-corridor,,,,True,0.0,35.64537,100.0,61.8,Medium
FKID001685,planned,vip_movement,Non-corridor,,,,True,0.0,8.568517,100.0,61.2,Medium
FKID001676,planned,vip_movement,Non-corridor,,,,True,0.0,8.568517,100.0,61.2,Medium
FKID001641,planned,vip_movement,Non-corridor,,,,True,0.0,8.568517,100.0,61.2,Medium
FKID001687,planned,vip_movement,Non-corridor,,,,True,0.0,8.568517,100.0,61.2,Medium
FKID002054,planned,vip_movement,Non-corridor,,,,True,0.0,8.568517,100.0,61.2,Medium
FKID002051,planned,vip_movement,Non-corridor,,,,True,0.0,8.568517,100.0,61.2,Medium
FKID001925,planned,vip_movement,Non-corridor,,,,True,0.0,8.568517,100.0,61.2,Medium
FKID001979,planned,vip_movement,Non-corridor,,,,True,0.0,8.568517,100.0,61.2,Medium
FKID001934,planned,vip_movement,Non-corridor,,,,True,0.0,8.568517,100.0,61.2,Medium
FKID001896,planned,vip_movement,Non-corridor,,,,True,0.0,8.568517,100.0,61.2,Medium
FKID002017,planned,vip_movement,Non-corridor,,,,True,0.0,8.568517,100.0,61.2,Medium
FKID000426,planned,construction,Non-corridor,,,morning_peak,False,2.3,94.12842,100.0,61.1,Medium
FKID004684,planned,construction,Non-corridor,,South Zone 1,night,False,2.3,246.14447,100.0,60.2,Medium
FKID004092,planned,procession,Non-corridor,,,evening_peak,False,2.3,119.32305,100.0,59.9,Medium
FKID004885,planned,public_event,Non-corridor,,,midday,False,2.3,98.28877,100.0,59.1,Medium
FKID005750,planned,construction,Non-corridor,,East Zone 1,evening_peak,False,1.5,205.68834,100.0,58.5,Medium
FKID004887,planned,public_event,Non-corridor,,,midday,False,2.3,71.15759,100.0,58.5,Medium
FKID004427,planned,construction,Non-corridor,,North Zone 1,evening_peak,False,1.5,207.37807,100.0,58.5,Medium
FKID004884,planned,public_event,Non-corridor,,,midday,False,2.3,71.15759,100.0,58.5,Medium
FKID000956,planned,procession,Non-corridor,,,morning_peak,False,2.3,52.5564,100.0,58.4,Medium
FKID007575,planned,procession,Non-corridor,Marigowda-TavarkereRdJunc,South Zone 2,evening_peak,False,2.3,46.867615,100.0,58.3,Medium
FKID005098,planned,public_event,Non-corridor,,North Zone 1,morning_peak,False,1.5,139.89296,100.0,57.6,Medium
FKID006037,planned,construction,Mysore Road,ShivajiTalkiesJunc,Central Zone 2,midday,True,2.3,111.63528,23.6,57.5,Medium
FKID002656,planned,construction,Non-corridor,,,night,False,2.3,125.42017,100.0,57.4,Medium
FKID004019,planned,construction,Non-corridor,,,night,False,2.3,126.02013,100.0,57.4,Medium
FKID004609,planned,public_event,Non-corridor,,West Zone 1,morning_peak,False,1.5,109.04828,100.0,56.9,Medium
FKID004856,planned,construction,Non-corridor,,East Zone 2,night,False,2.3,91.35396,100.0,56.6,Medium
FKID005749,planned,construction,Non-corridor,,East Zone 1,night,False,1.5,308.122,100.0,56.5,Medium
FKID007581,planned,construction,Non-corridor,BTM16thMain-ORR Junc,South Zone 2,night,False,2.3,83.40954,100.0,56.5,Medium
FKID005099,planned,public_event,Non-corridor,,North Zone 1,morning_peak,False,1.5,91.154724,100.0,56.5,Medium
FKID006650,planned,public_event,Non-corridor,RajajinagarEntranceJunction,West Zone 2,night,False,2.3,27.7108,100.0,55.9,Medium
FKID004985,planned,construction,Non-corridor,,North Zone 1,evening_peak,False,1.5,90.83853,100.0,55.8,Medium
FKID004642,planned,construction,Non-corridor,,South Zone 1,morning_peak,False,1.5,86.452644,100.0,55.7,Medium
FKID006716,planned,construction,Non-corridor,SubbannaJunction,Central Zone 2,night,False,1.5,267.85596,100.0,55.5,Medium
FKID005167,planned,public_event,Non-corridor,,West Zone 1,morning_peak,False,1.5,33.33832,100.0,55.2,Medium
FKID005567,planned,construction,Non-corridor,,North Zone 2,evening_peak,False,1.5,59.285294,100.0,55.1,Medium
FKID002495,planned,construction,Non-corridor,,,evening_peak,False,1.5,59.722176,100.0,55.1,Medium
FKID005734,planned,construction,Non-corridor,,North Zone 2,midday,False,1.5,179.06036,100.0,55.1,Medium
FKID006074,planned,construction,Non-corridor,BTM16thMain-ORR Junc,South Zone 2,night,False,2.3,21.778059,100.0,55.0,Medium
FKID006440,planned,construction,Non-corridor,Peenya2ndStageBusStand,West Zone 1,night,False,2.3,22.2923,100.0,55.0,Medium
FKID005271,planned,procession,Non-corridor,,Central Zone 2,night,False,2.3,92.16271,100.0,54.9,Medium
FKID002059,planned,construction,Non-corridor,,,morning_peak,False,1.5,52.8371,100.0,54.9,Medium
FKID007425,planned,construction,Non-corridor,ISRO Junction-NewBEL Rd,West Zone 2,evening_peak,False,1.5,41.684208,100.0,54.7,Medium
FKID002440,planned,public_event,Non-corridor,,,morning_peak,False,1.5,2.657077,100.0,54.5,Medium
FKID006792,planned,construction,Non-corridor,D'SouzaCircle,Central Zone 1,evening_peak,False,1.5,30.979477,100.0,54.4,Medium
FKID005557,planned,construction,Non-corridor,,Central Zone 2,morning_peak,False,1.5,31.663563,100.0,54.4,Medium
FKID007744,planned,construction,Varthur Road,MaratahalliBridgeJunc,East Zone 1,midday,True,2.3,257.77222,1.9,54.3,Medium
FKID002103,planned,construction,Non-corridor,,,evening_peak,False,1.5,26.622053,100.0,54.3,Medium
FKID000717,planned,procession,Non-corridor,,,night,False,2.3,58.66008,100.0,54.1,Medium
FKID002353,planned,construction,Non-corridor,,,midday,False,1.5,129.92213,100.0,53.9,Medium
FKID001865,planned,procession,Non-corridor,,,night,False,2.3,31.91043,100.0,53.5,Medium
FKID002693,planned,construction,Non-corridor,,,night,False,1.5,180.91437,100.0,53.5,Medium
FKID001104,planned,procession,Non-corridor,,,morning_peak,False,1.5,61.64848,100.0,53.4,Medium
FKID001306,planned,construction,Non-corridor,,,night,False,1.5,155.3581,100.0,52.9,Medium
FKID005615,planned,construction,Bellary Road 1,,North Zone 2,night,True,2.3,29.607084,18.8,52.6,Medium
FKID005732,planned,construction,Non-corridor,,,midday,False,1.5,72.923546,100.0,52.6,Medium
FKID006581,planned,public_event,Non-corridor,Marigowda-TavarkereRdJunc,South Zone 2,night,False,1.5,111.031975,100.0,52.6,Medium
FKID001648,planned,procession,Non-corridor,,,morning_peak,False,1.5,22.502361,100.0,52.5,Medium
FKID001289,planned,construction,Non-corridor,,,night,False,1.5,137.75114,100.0,52.5,Medium
FKID005125,planned,construction,Non-corridor,,North Zone 2,night,False,1.5,132.4717,100.0,52.4,Medium
FKID005281,planned,construction,Non-corridor,,North Zone 2,night,False,1.5,128.7299,100.0,52.3,Medium
FKID005442,planned,construction,Non-corridor,,Central Zone 1,night,False,1.5,124.250725,100.0,52.2,Medium
FKID005459,planned,construction,Non-corridor,,Central Zone 1,night,False,1.5,124.250725,100.0,52.2,Medium
FKID005577,planned,construction,Non-corridor,,South Zone 1,night,False,1.5,125.61757,100.0,52.2,Medium
FKID004906,planned,public_event,Non-corridor,,East Zone 1,night,False,1.5,96.44959,100.0,52.2,Medium
FKID006547,planned,public_event,Non-corridor,Marigowda-TavarkereRdJunc,South Zone 2,night,False,1.5,92.12092,100.0,52.1,Medium
FKID000412,planned,construction,ORR North 1,,,night,True,2.3,152.11407,8.0,52.1,Medium
FKID004947,planned,construction,Airport New South Road,,East Zone 2,night,True,1.5,442.2806,1.8,51.8,Medium
FKID001499,planned,construction,ORR East 1,,,night,True,2.3,149.59055,6.9,51.8,Medium
FKID004247,planned,construction,Non-corridor,,,night,False,1.5,98.080765,100.0,51.6,Medium
FKID001943,planned,construction,Tumkur Road,,,night,True,2.3,27.979269,15.5,51.5,Medium
FKID001840,planned,construction,Varthur Road,,,midday,True,2.3,136.20346,1.9,51.5,Medium
FKID004680,planned,construction,Non-corridor,,North Zone 2,night,False,1.5,96.1042,100.0,51.5,Medium
FKID000998,planned,construction,Tumkur Road,,,evening_peak,True,1.5,56.81444,15.5,51.4,Medium
FKID007016,planned,construction,Non-corridor,SubbannaJunction,Central Zone 2,night,False,1.5,80.72133,100.0,51.2,Medium
FKID006620,planned,construction,Bannerghata Road,BilekahalliJunc,South Zone 2,midday,True,1.5,269.02643,7.4,51.1,Medium
FKID004381,planned,construction,Non-corridor,,,night,False,1.5,78.41356,100.0,51.1,Medium
FKID004527,planned,public_event,Non-corridor,,,night,False,1.5,36.762875,100.0,50.9,Medium
FKID006105,planned,public_event,Non-corridor,FTI Junction(KanteeravaStudio),West Zone 1,night,False,1.5,28.318197,100.0,50.7,Medium
FKID005291,planned,public_event,Non-corridor,,South Zone 2,night,False,1.5,23.78583,100.0,50.6,Medium
FKID001282,planned,construction,Non-corridor,,,night,False,1.5,50.45244,100.0,50.5,Medium
FKID005948,planned,construction,ORR North 1,"VeerannapalyaJunction(BEL,HO)",North Zone 1,night,True,1.5,302.82767,8.0,50.4,Medium
FKID005004,planned,construction,Non-corridor,,South Zone 2,night,False,1.5,43.56393,100.0,50.3,Medium
FKID003153,planned,procession,Non-corridor,,,night,False,1.5,118.455246,100.0,50.3,Medium
FKID002533,planned,construction,Non-corridor,,,night,False,1.5,40.268772,100.0,50.2,Medium
FKID004242,planned,construction,Non-corridor,,,night,False,1.5,40.004513,100.0,50.2,Medium
FKID004622,planned,construction,Non-corridor,,West Zone 2,night,False,1.5,37.303204,100.0,50.2,Medium
FKID004722,planned,construction,Non-corridor,,,night,False,1.5,37.792213,100.0,50.2,Medium
FKID001160,planned,construction,Non-corridor,,,night,False,1.5,31.945187,100.0,50.0,Medium
FKID005634,planned,public_event,Mysore Road,,West Zone 1,night,True,1.5,49.3123,23.6,50.0,Medium
FKID002672,planned,construction,Non-corridor,,,night,False,1.5,30.165167,100.0,50.0,Medium
FKID000478,planned,procession,Non-corridor,,,night,False,1.5,103.488144,100.0,50.0,Medium
FKID000229,planned,construction,Mysore Road,,,midday,True,1.5,4.1389246,23.6,49.8,Medium
FKID003539,planned,construction,Non-corridor,,,night,False,1.5,23.028622,100.0,49.8,Medium
FKID002447,planned,construction,Non-corridor,,,night,False,1.5,20.423279,100.0,49.8,Medium
FKID001864,planned,construction,Non-corridor,,,night,False,1.5,18.3876,100.0,49.7,Medium
FKID001211,planned,construction,Varthur Road,,,midday,True,1.5,280.3348,1.9,49.7,Medium
FKID005263,planned,construction,Non-corridor,,East Zone 2,night,False,1.5,17.767471,100.0,49.7,Medium
FKID002673,planned,construction,Non-corridor,,,night,False,1.5,10.715125,100.0,49.6,Medium
FKID000192,planned,construction,Non-corridor,,,night,False,1.5,4.366895,100.0,49.4,Medium
FKID004753,planned,procession,Non-corridor,,South Zone 2,night,False,1.5,70.33295,100.0,49.2,Medium
FKID001135,planned,construction,Mysore Road,,,night,True,1.5,36.1279,23.6,49.0,Medium
FKID005875,planned,construction,ORR North 1,"VeerannapalyaJunction(BEL,HO)",North Zone 1,night,True,1.5,243.0778,8.0,49.0,Medium
FKID005248,planned,procession,Non-corridor,,South Zone 1,night,False,1.5,52.15389,100.0,48.8,Medium
FKID002110,planned,procession,Non-corridor,,,night,False,1.5,53.401695,100.0,48.8,Medium
FKID007731,planned,construction,ORR West 1,Delmia-Jayanagar,South Zone 1,night,True,2.3,29.123049,6.0,48.7,Medium
FKID007237,planned,construction,Mysore Road,HudsonCircle,Central Zone 2,night,True,1.5,18.837297,23.6,48.6,Medium
FKID006784,planned,construction,Mysore Road,UlsoorGateJunc,Central Zone 2,night,True,1.5,20.279593,23.6,48.6,Medium
FKID006894,planned,construction,Airport New South Road,HennurRd-DavisRdJunction,North Zone 1,night,True,2.3,77.84453,1.8,48.5,Medium
FKID007560,planned,construction,IRR(Thanisandra road),BDA Junctio-Koramangala,South Zone 2,night,True,2.3,50.42776,3.5,48.4,Medium
FKID005354,planned,procession,Non-corridor,,North Zone 1,night,False,1.5,32.624916,100.0,48.3,Medium
FKID007408,planned,procession,Non-corridor,Geethanjali jn,West Zone 2,night,False,1.5,24.584734,100.0,48.1,Medium
FKID004165,planned,protest,Non-corridor,,West Zone 1,night,False,1.5,17.836702,100.0,48.0,Medium
FKID002608,planned,vehicle_breakdown,Non-corridor,,,night,False,1.5,17.15875,100.0,48.0,Medium
FKID007603,planned,construction,ORR North 1,"VeerannapalyaJunction(BEL,HO)",North Zone 1,night,True,1.5,189.22963,8.0,47.8,Medium
FKID005292,planned,vip_movement,Non-corridor,,South Zone 2,night,False,1.5,9.333778,100.0,47.8,Medium
FKID004535,planned,protest,Non-corridor,,,night,False,1.5,12.660001,100.0,47.8,Medium
FKID006838,planned,procession,Non-corridor,MarenahalliRd-18thMainRdJunc,South Zone 1,night,False,1.5,8.65253,100.0,47.8,Medium
FKID006118,planned,construction,ORR East 1,SilkBoardJunc,South Zone 2,morning_peak,True,1.5,13.001917,6.9,47.8,Medium
FKID007027,planned,construction,ORR East 1,5thMainHSR,South Zone 2,morning_peak,True,1.5,8.887504,6.9,47.7,Medium
FKID004721,planned,vip_movement,Non-corridor,,,night,False,1.5,7.1713495,100.0,47.7,Medium
FKID000816,planned,construction,Tumkur Road,,,midday,True,1.5,8.593589,15.5,47.5,Medium
FKID007635,planned,vehicle_breakdown,Mysore Road,UlsoorGateJunc,Central Zone 2,night,True,1.5,38.490757,23.6,47.3,Medium
FKID002225,planned,construction,Varthur Road,,,midday,True,1.5,165.77074,1.9,47.0,Medium
FKID008083,planned,construction,Bellary Road 2,SantheCircle,,night,True,1.5,93.307686,10.7,46.4,Medium
FKID005185,planned,construction,Airport New South Road,,North Zone 1,midday,True,1.5,132.68832,1.8,46.2,Medium
FKID000490,planned,construction,Varthur Road,,,midday,True,1.5,119.893845,1.9,45.9,Medium
FKID007633,planned,construction,ORR North 1,"VeerannapalyaJunction(BEL,HO)",North Zone 1,night,True,1.5,90.64224,8.0,45.5,Medium
FKID007632,planned,construction,ORR North 1,"VeerannapalyaJunction(BEL,HO)",North Zone 1,night,True,1.5,70.20435,8.0,45.0,Medium
FKID007525,planned,construction,ORR North 1,"VeerannapalyaJunction(BEL,HO)",North Zone 1,night,True,1.5,57.353218,8.0,44.7,Medium
FKID006473,planned,procession,Bellary Road 2,Batrayanapura(Amrutahalli)Junction,North Zone 1,night,True,1.5,96.586205,10.7,44.7,Medium
FKID004792,planned,public_event,ORR North 1,,Central Zone 1,night,True,1.5,4.561386,8.0,44.2,Medium
FKID004216,planned,construction,Non-corridor,,,,False,0.0,122.45415,100.0,43.6,Medium
FKID006401,planned,public_event,Old Airport Road,DomlurWaterTank,Central Zone 1,night,True,1.5,53.7621,2.4,43.6,Medium
FKID001480,planned,construction,Old Madras Road,,,night,True,1.5,1.6140442,8.2,43.5,Medium
FKID004194,planned,construction,Non-corridor,,,,False,0.0,117.71207,100.0,43.5,Medium
FKID004740,planned,construction,Non-corridor,,North Zone 2,,False,0.0,118.18374,100.0,43.5,Medium
FKID001462,planned,construction,ORR East 2,,,night,False,2.3,752.71606,5.8,43.4,Medium
FKID001930,planned,construction,ORR East 2,,,night,False,2.3,752.71606,5.8,43.4,Medium
FKID004646,planned,construction,ORR East 2,,East Zone 1,night,False,2.3,751.8619,5.8,43.4,Medium
FKID001204,planned,construction,ORR East 2,,,evening_peak,False,1.5,776.9183,5.8,43.2,Medium
FKID002026,planned,construction,ORR East 2,,,evening_peak,False,1.5,776.9183,5.8,43.2,Medium
FKID007213,planned,procession,Magadi Road,LeprosyhospitalJunc,Central Zone 2,night,True,1.5,64.64909,8.0,43.1,Medium
FKID006815,planned,construction,ORR East 1,"Bellandur Junction, Outer ring road",East Zone 1,night,True,1.5,3.285705,6.9,43.1,Medium
FKID001829,planned,construction,ORR East 2,,,evening_peak,False,1.5,767.8607,5.8,42.9,Medium
FKID002581,planned,construction,ORR East 2,,,evening_peak,False,1.5,764.60364,5.8,42.9,Medium
FKID005205,planned,construction,ORR East 2,,East Zone 1,evening_peak,False,1.5,759.79987,5.8,42.8,Medium
FKID004563,planned,construction,ORR East 2,,East Zone 1,evening_peak,False,1.5,759.79987,5.8,42.8,Medium
FKID004477,planned,construction,ORR East 2,,East Zone 1,evening_peak,False,1.5,760.88025,5.8,42.8,Medium
FKID005258,planned,construction,ORR East 2,,East Zone 1,evening_peak,False,1.5,759.79987,5.8,42.8,Medium
FKID001726,planned,construction,ORR East 2,,,night,False,2.3,727.408,5.8,42.8,Medium
FKID004956,planned,construction,ORR East 2,,East Zone 1,evening_peak,False,1.5,760.88025,5.8,42.8,Medium
FKID000553,planned,construction,ORR East 2,,,night,False,2.3,727.408,5.8,42.8,Medium
FKID004784,planned,construction,ORR East 2,,East Zone 1,evening_peak,False,1.5,755.0234,5.8,42.7,Medium
FKID002445,planned,public_event,Non-corridor,,,,False,0.0,50.461163,100.0,42.6,Medium
FKID005030,planned,construction,ORR East 2,,East Zone 1,evening_peak,False,1.5,752.00946,5.8,42.6,Medium
FKID002245,planned,construction,ORR East 2,,,evening_peak,False,1.5,749.3553,5.8,42.5,Medium
FKID002097,planned,construction,ORR East 2,,,evening_peak,False,1.5,749.3553,5.8,42.5,Medium
FKID002380,planned,construction,ORR East 2,,,evening_peak,False,1.5,749.3553,5.8,42.5,Medium
FKID007248,planned,procession,Magadi Road,LeprosyhospitalJunc,Central Zone 2,night,True,1.5,32.912815,8.0,42.4,Medium
FKID004597,planned,construction,ORR East 2,,East Zone 1,evening_peak,False,1.5,746.22076,5.8,42.4,Medium
FKID007249,planned,procession,Magadi Road,LeprosyhospitalJunc,Central Zone 2,night,True,1.5,32.912815,8.0,42.4,Medium
FKID004555,planned,construction,ORR East 2,,East Zone 1,evening_peak,False,1.5,737.9215,5.8,42.3,Medium
FKID004662,planned,construction,ORR East 2,,East Zone 1,evening_peak,False,1.5,739.7666,5.8,42.3,Medium
FKID005604,planned,construction,Non-corridor,,South Zone 1,,False,0.0,68.767,100.0,42.3,Medium
FKID001523,planned,construction,ORR East 2,,,evening_peak,False,1.5,740.6187,5.8,42.3,Medium
FKID004299,planned,construction,ORR East 2,,East Zone 1,evening_peak,False,1.5,729.31805,5.8,42.1,Medium
FKID006806,planned,public_event,Non-corridor,PurnimaTheaterJunc,Central Zone 2,,False,0.0,20.624914,100.0,41.9,Medium
FKID005672,planned,construction,ORR North 1,,East Zone 2,,True,0.0,299.26523,8.0,41.8,Medium
FKID005746,planned,construction,Non-corridor,,North Zone 2,,False,0.0,44.574326,100.0,41.8,Medium
FKID000052,planned,construction,ORR East 2,,,evening_peak,False,1.5,715.1484,5.8,41.7,Medium
FKID000235,planned,construction,ORR East 2,,,evening_peak,False,1.5,715.1484,5.8,41.7,Medium
FKID003704,planned,public_event,Mysore Road,,,,True,0.0,53.097115,23.6,41.5,Medium
FKID004258,planned,construction,ORR East 2,,East Zone 1,evening_peak,False,1.5,697.4782,5.8,41.3,Medium
FKID004644,planned,construction,ORR East 2,,East Zone 1,evening_peak,False,1.5,697.4782,5.8,41.3,Medium
FKID004330,planned,construction,ORR East 2,,East Zone 1,evening_peak,False,1.5,697.4782,5.8,41.3,Medium
FKID004760,planned,construction,ORR North 2,,North Zone 1,evening_peak,False,2.3,449.339,7.7,41.3,Medium
FKID002168,planned,construction,ORR East 2,,,evening_peak,False,1.5,694.498,5.8,41.2,Medium
FKID005457,planned,construction,ORR East 2,,East Zone 1,evening_peak,False,1.5,684.8155,5.8,41.0,Medium
FKID007646,planned,construction,Mysore Road,UniversityJunc(Janabharti),West Zone 1,,True,0.0,48.128086,23.6,40.7,Medium
FKID007681,planned,construction,Mysore Road,UniversityJunc(Janabharti),West Zone 1,,True,0.0,48.128086,23.6,40.7,Medium
FKID004122,planned,construction,Mysore Road,,,,True,0.0,22.291344,23.6,40.1,Medium
FKID004486,planned,public_event,Bellary Road 1,,Central Zone 2,,True,0.0,36.304035,18.8,39.6,Medium
FKID006314,planned,procession,Mysore Road,HudsonCircle,Central Zone 2,,True,0.0,47.376976,23.6,38.9,Medium
FKID004799,planned,construction,ORR East 2,,East Zone 1,night,False,1.5,766.6321,5.8,38.5,Medium
FKID007686,planned,procession,Mysore Road,SiddalingaiahCircle,Central Zone 1,,True,0.0,30.775284,23.6,38.5,Medium
FKID001815,planned,construction,ORR East 2,,,night,False,1.5,761.5952,5.8,38.4,Medium
FKID002561,planned,construction,ORR East 2,,,night,False,1.5,759.82416,5.8,38.4,Medium
FKID005255,planned,construction,ORR East 2,,East Zone 1,night,False,1.5,760.73096,5.8,38.4,Medium
FKID005233,planned,construction,ORR East 2,,East Zone 1,night,False,1.5,760.73096,5.8,38.4,Medium
FKID004766,planned,construction,ORR East 2,,East Zone 1,night,False,1.5,760.73096,5.8,38.4,Medium
FKID004925,planned,construction,ORR East 2,,East Zone 1,night,False,1.5,760.73096,5.8,38.4,Medium
FKID004603,planned,construction,ORR East 2,,East Zone 1,night,False,1.5,757.69434,5.8,38.3,Medium
FKID005223,planned,construction,ORR East 2,,East Zone 1,night,False,1.5,751.8619,5.8,38.2,Medium
FKID003404,planned,construction,ORR East 2,,,evening_peak,False,2.3,338.8149,5.8,38.2,Medium
FKID001970,planned,vip_movement,Mysore Road,,,,True,0.0,9.128584,23.6,38.0,Medium
FKID002015,planned,vip_movement,Mysore Road,,,,True,0.0,9.128584,23.6,38.0,Medium
FKID002057,planned,vip_movement,Mysore Road,,,,True,0.0,9.128584,23.6,38.0,Medium
FKID002008,planned,vip_movement,Mysore Road,,,,True,0.0,9.128584,23.6,38.0,Medium
FKID002105,planned,construction,ORR East 2,,,night,False,1.5,735.98895,5.8,37.8,Medium
FKID002659,planned,construction,ORR East 2,,,night,False,1.5,735.98895,5.8,37.8,Medium
FKID000970,planned,construction,ORR East 2,,,night,False,1.5,735.98895,5.8,37.8,Medium
FKID001025,planned,construction,ORR East 2,,,night,False,1.5,735.98895,5.8,37.8,Medium
FKID005046,planned,construction,ORR East 2,,East Zone 1,night,False,1.5,730.072,5.8,37.7,Medium
FKID000082,planned,construction,ORR East 2,,,night,False,1.5,727.408,5.8,37.6,Medium
FKID000805,planned,construction,ORR East 2,,,evening_peak,False,1.5,529.2774,5.8,37.4,Medium
FKID004670,planned,construction,ORR East 2,,East Zone 1,night,False,1.5,707.4921,5.8,37.1,Medium
FKID004362,planned,construction,ORR East 2,,East Zone 1,night,False,1.5,707.4921,5.8,37.1,Medium
FKID005637,planned,construction,ORR East 2,,East Zone 1,night,False,1.5,707.4921,5.8,37.1,Medium
FKID005646,planned,construction,ORR East 2,,East Zone 1,night,False,1.5,707.4921,5.8,37.1,Medium
FKID004585,planned,construction,ORR East 2,,East Zone 1,night,False,1.5,707.4921,5.8,37.1,Medium
FKID005179,planned,construction,ORR East 2,,,night,False,1.5,707.4921,5.8,37.1,Medium
FKID005134,planned,construction,ORR East 2,,East Zone 1,night,False,1.5,707.4921,5.8,37.1,Medium
FKID004886,planned,construction,ORR East 2,,East Zone 1,night,False,1.5,707.4921,5.8,37.1,Medium
FKID004537,planned,construction,ORR East 2,,East Zone 1,night,False,1.5,707.4921,5.8,37.1,Medium
FKID004903,planned,construction,ORR East 2,,,night,False,1.5,707.4921,5.8,37.1,Medium
FKID004848,planned,construction,ORR East 2,,East Zone 1,night,False,1.5,707.4921,5.8,37.1,Medium
FKID000139,planned,construction,ORR East 2,,,night,False,1.5,707.4921,5.8,37.1,Medium
FKID000312,planned,construction,ORR East 2,,,night,False,1.5,707.4921,5.8,37.1,Medium
FKID005626,planned,construction,ORR East 2,,East Zone 1,night,False,1.5,707.4921,5.8,37.1,Medium
FKID005568,planned,construction,ORR East 2,,East Zone 1,night,False,1.5,707.4921,5.8,37.1,Medium
FKID005589,planned,construction,ORR East 2,,East Zone 1,night,False,1.5,707.4921,5.8,37.1,Medium
FKID005394,planned,construction,ORR East 2,,East Zone 1,night,False,1.5,707.4921,5.8,37.1,Medium
FKID005532,planned,construction,ORR East 2,,East Zone 1,night,False,1.5,707.4921,5.8,37.1,Medium
FKID005115,planned,construction,ORR East 2,,East Zone 1,night,False,1.5,702.4829,5.8,37.0,Medium
FKID004726,planned,construction,ORR East 2,,,night,False,1.5,702.4829,5.8,37.0,Medium
FKID005741,planned,construction,ORR East 2,,East Zone 1,night,False,1.5,702.4829,5.8,37.0,Medium
FKID005412,planned,construction,ORR East 2,,East Zone 1,night,False,1.5,702.4829,5.8,37.0,Medium
FKID007176,planned,construction,Bellary Road 2,SantheCircle,North Zone 2,evening_peak,False,2.3,216.51503,10.7,36.9,Medium
FKID002483,planned,public_event,Old Madras Road,,,,True,0.0,54.659313,8.2,36.8,Medium
FKID006283,planned,public_event,Hosur Road,AnepalyaJunc,Central Zone 1,,True,0.0,44.051777,8.9,36.8,Medium
FKID003312,planned,construction,ORR East 2,,,evening_peak,False,1.5,493.25357,5.8,36.6,Medium
FKID003133,planned,construction,ORR East 2,,,evening_peak,False,1.5,493.89526,5.8,36.6,Medium
FKID003707,planned,construction,Old Madras Road,,,,True,0.0,66.06161,8.2,36.4,Medium
FKID002463,planned,construction,ORR East 2,,,night,False,1.5,674.0271,5.8,36.4,Medium
FKID001573,planned,public_event,Old Madras Road,,,,True,0.0,32.3774,8.2,36.3,Medium
FKID003763,planned,public_event,ORR West 1,,,,True,0.0,55.425697,6.0,36.2,Medium
FKID001578,planned,public_event,Old Madras Road,,,,True,0.0,22.798203,8.2,36.1,Medium
FKID001581,planned,public_event,Old Madras Road,,,,True,0.0,22.798203,8.2,36.1,Medium
FKID005086,planned,construction,Airport New South Road,,North Zone 1,evening_peak,False,2.3,295.53842,1.8,36.0,Medium
FKID008054,planned,public_event,ORR West 1,KanakapuraRd-RingRdJunction,,,True,0.0,45.04848,6.0,36.0,Medium
FKID003706,planned,construction,CBD 1,,,,True,0.0,137.66351,1.1,35.9,Medium
FKID004085,planned,construction,Varthur Road,,,,True,0.0,126.52037,1.9,35.9,Medium
FKID000502,planned,public_event,ORR East 1,,,,True,0.0,28.11572,6.9,35.8,Medium
FKID005473,planned,public_event,Bannerghata Road,,South Zone 1,,True,0.0,17.96501,7.4,35.7,Medium
FKID003859,planned,construction,ORR East 2,,,evening_peak,False,1.5,438.32727,5.8,35.3,Medium
FKID008131,planned,public_event,Hennur Main Road,Nagavara-ORR Junction,,,True,0.0,45.226704,3.9,35.3,Medium
FKID006207,planned,construction,West of Chord Road,NavarangTheatreJunction,West Zone 1,,True,0.0,41.163975,5.8,35.1,Medium
FKID004031,planned,construction,ORR East 2,,,night,False,2.3,363.5011,5.8,34.4,Medium
FKID007415,planned,construction,Hennur Main Road,Nagavara-ORR Junction,North Zone 1,,True,0.0,35.6919,3.9,34.4,Medium
FKID001721,planned,construction,ORR East 2,,,night,False,1.5,580.9791,5.8,34.2,Medium
FKID004364,planned,construction,Bellary Road 1,,West Zone 2,night,False,2.3,181.28287,18.8,34.1,Medium
FKID006645,planned,construction,Airport New South Road,HennurRd-DavisRdJunction,North Zone 1,,True,0.0,27.955814,1.8,33.6,Medium
FKID006763,planned,construction,Airport New South Road,HennurRd-DavisRdJunction,North Zone 1,,True,0.0,25.809055,1.8,33.5,Medium
FKID001278,planned,construction,ORR East 2,,,evening_peak,False,1.5,354.17532,5.8,33.3,Medium
FKID002409,planned,public_event,Old Airport Road,,,midday,False,2.3,259.6157,2.4,33.2,Medium
FKID002416,planned,public_event,Old Airport Road,,,midday,False,2.3,259.6157,2.4,33.2,Medium
FKID002408,planned,public_event,Old Airport Road,,,midday,False,2.3,259.6157,2.4,33.2,Medium
FKID002411,planned,public_event,Old Airport Road,,,midday,False,2.3,259.6157,2.4,33.2,Medium
FKID001014,planned,construction,ORR East 2,,,evening_peak,False,1.5,344.20654,5.8,33.1,Medium
FKID004629,planned,public_event,Magadi Road,,West Zone 1,morning_peak,False,2.3,58.118763,8.0,33.1,Medium
FKID001382,planned,construction,ORR East 2,,,night,False,1.5,533.8754,5.8,33.1,Medium
FKID001128,planned,construction,ORR East 2,,,evening_peak,False,1.5,331.186,5.8,32.8,Low
FKID005565,planned,construction,Airport New South Road,,North Zone 1,evening_peak,False,1.5,373.3549,1.8,32.6,Low
FKID006666,planned,public_event,Mysore Road,OldPoliceStation-Ashoknagar,Central Zone 1,night,False,2.3,14.262015,23.6,32.4,Low
FKID002337,planned,construction,Mysore Road,,,night,False,2.3,46.049786,23.6,32.4,Low
FKID000629,planned,construction,ORR East 2,,,night,False,1.5,491.07532,5.8,32.1,Low
FKID007538,planned,construction,ORR North 2,BEL Circle,North Zone 1,morning_peak,False,2.3,36.60758,7.7,31.8,Low
FKID005836,planned,construction,ORR North 1,"VeerannapalyaJunction(BEL,HO)",North Zone 1,night,False,2.3,221.4243,8.0,31.8,Low
FKID007748,planned,construction,Old Madras Road,QueensStatueCircle,Central Zone 1,evening_peak,False,2.3,29.42798,8.2,31.8,Low
FKID002410,planned,public_event,Old Airport Road,,,midday,False,2.3,196.856,2.4,31.8,Low
FKID005608,planned,construction,Airport New South Road,,North Zone 1,evening_peak,False,2.3,110.06138,1.8,31.7,Low
FKID001857,planned,vip_movement,Old Airport Road,,,,True,0.0,13.398432,2.4,31.7,Low
FKID000375,planned,construction,Bellary Road 1,,,night,False,2.3,52.22002,18.8,31.1,Low
FKID001602,planned,construction,ORR East 2,,,night,False,1.5,443.1485,5.8,31.0,Low
FKID004893,planned,construction,ORR North 2,,North Zone 1,evening_peak,False,1.5,228.78044,7.7,31.0,Low
FKID006194,planned,construction,Mysore Road,PoliceCornerJunc,Central Zone 2,morning_peak,False,1.5,14.055266,23.6,30.9,Low
FKID005470,planned,construction,Airport New South Road,,North Zone 1,evening_peak,False,2.3,60.438797,1.8,30.5,Low
FKID002071,planned,procession,Mysore Road,,,morning_peak,False,1.5,67.98306,23.6,30.4,Low
FKID001894,planned,construction,ORR East 2,,,night,False,1.5,413.70062,5.8,30.3,Low
FKID006434,planned,construction,Old Madras Road,WebbsCircle,Central Zone 1,night,False,2.3,152.31213,8.2,30.2,Low
FKID001356,planned,construction,ORR East 2,,,evening_peak,False,1.5,215.50922,5.8,30.1,Low
FKID005273,planned,public_event,Magadi Road,,West Zone 2,night,False,2.3,117.886314,8.0,30.0,Low
FKID007971,planned,construction,Bellary Road 2,YelhankaCircle,,night,False,2.3,106.95367,10.7,29.9,Low
FKID007967,planned,vip_movement,Mysore Road,A S CharStreet-MysoreRdJunc,,night,False,2.3,2.3858738,23.6,29.7,Low
FKID004386,planned,public_event,Magadi Road,,West Zone 2,night,False,2.3,83.175606,8.0,29.2,Low
FKID000241,planned,vip_movement,Mysore Road,,,evening_peak,False,1.5,18.522606,23.6,29.2,Low
FKID007450,planned,protest,Mysore Road,MotherTeressaCircle,Central Zone 1,morning_peak,False,1.5,20.154537,23.6,29.2,Low
FKID004448,planned,construction,ORR North 2,,,night,False,2.3,85.54944,7.7,28.5,Low
FKID006996,planned,construction,Tumkur Road,MS RamaiahJunc(TollGate),West Zone 2,evening_peak,False,1.5,15.477718,15.5,28.4,Low
FKID006248,planned,public_event,Bellary Road 2,HunsemarammanahalliJunction,,morning_peak,False,1.5,48.046677,10.7,28.4,Low
FKID002320,planned,construction,ORR East 2,,,night,False,2.3,100.63175,5.8,28.3,Low
FKID005837,planned,construction,ORR North 1,"VeerannapalyaJunction(BEL,HO)",North Zone 1,night,False,2.3,62.574814,8.0,28.1,Low
FKID007340,planned,construction,Bellary Road 2,SadahalliGateJunc(AirportRd),,night,False,2.3,25.030315,10.7,28.0,Low
FKID002805,planned,construction,ORR East 2,,,night,False,2.3,89.56357,5.8,28.0,Low
FKID001226,planned,construction,Bellary Road 1,,,night,False,1.5,137.67317,18.8,27.9,Low
FKID001758,planned,construction,ORR North 1,,,night,False,2.3,50.35748,8.0,27.8,Low
FKID006834,planned,construction,ORR North 1,HebbalFlyoverJunc,North Zone 1,evening_peak,False,1.5,67.21655,8.0,27.4,Low
FKID003577,planned,public_event,Mysore Road,,,night,False,1.5,25.870338,23.6,27.4,Low
FKID004594,planned,construction,Bannerghata Road,,South Zone 2,evening_peak,False,1.5,78.44083,7.4,27.4,Low
FKID006635,planned,public_event,Bellary Road 2,SadahalliGateJunc(AirportRd),,night,False,1.5,194.46384,10.7,27.4,Low
FKID005753,planned,construction,ORR East 2,,East Zone 1,,False,0.0,652.6329,5.8,27.3,Low
FKID002883,planned,public_event,Hennur Main Road,,,night,False,2.3,46.53682,3.9,27.1,Low
FKID003349,planned,construction,West of Chord Road,,,night,False,2.3,50.661503,5.8,27.1,Low
FKID004866,planned,construction,ORR North 2,,,morning_peak,False,1.5,61.12038,7.7,27.1,Low
FKID005216,planned,construction,ORR North 2,,North Zone 1,night,False,1.5,242.82341,7.7,26.9,Low
FKID004218,planned,construction,ORR East 2,,East Zone 1,,False,0.0,633.83636,5.8,26.9,Low
FKID003302,planned,construction,ORR East 2,,,evening_peak,False,1.5,71.84816,5.8,26.8,Low
FKID000557,planned,construction,ORR West 1,,,night,False,2.3,33.3463,6.0,26.8,Low
FKID007161,planned,procession,Magadi Road,LeprosyhospitalJunc,Central Zone 2,night,False,2.3,80.37359,8.0,26.7,Low
FKID007554,planned,construction,IRR(Thanisandra road),KoramangalaWaterTankJunc,South Zone 2,night,False,2.3,57.18584,3.5,26.6,Low
FKID007658,planned,construction,ORR North 1,"VeerannapalyaJunction(BEL,HO)",North Zone 1,evening_peak,False,1.5,33.817425,8.0,26.6,Low
FKID001606,planned,construction,ORR North 2,,,night,False,2.3,3.219623,7.7,26.6,Low
FKID007135,planned,construction,Bellary Road 1,HebbalFlyoverJunc,North Zone 1,night,False,1.5,79.57257,18.8,26.5,Low
FKID007842,planned,construction,ORR West 1,JP Nagar 15th cross junction,South Zone 1,evening_peak,False,1.5,49.759655,6.0,26.3,Low
FKID006091,planned,construction,Hennur Main Road,Nagavara-ORR Junction,North Zone 1,evening_peak,False,1.5,69.04417,3.9,26.2,Low
FKID003119,planned,construction,ORR East 2,,,night,False,1.5,224.77673,5.8,25.9,Low
FKID004741,planned,construction,Bannerghata Road,,South Zone 2,night,False,1.5,201.64433,7.4,25.9,Low
FKID004557,planned,construction,Bellary Road 1,,North Zone 1,night,False,1.5,45.233967,18.8,25.7,Low
FKID005544,planned,construction,ORR North 1,,East Zone 2,midday,False,1.5,109.40621,8.0,25.5,Low
FKID004913,planned,construction,Bellary Road 1,,North Zone 2,night,False,1.5,34.45855,18.8,25.5,Low
FKID005454,planned,construction,Airport New South Road,,East Zone 2,evening_peak,False,1.5,65.1632,1.8,25.4,Low
FKID006376,planned,construction,Bellary Road 1,HebbalFlyoverJunc,North Zone 1,night,False,1.5,26.793533,18.8,25.3,Low
FKID005436,planned,construction,ORR East 2,,East Zone 1,,False,0.0,561.29224,5.8,25.2,Low
FKID001415,planned,construction,IRR(Thanisandra road),,,night,False,1.5,209.2234,3.5,24.9,Low
FKID001052,planned,construction,ORR East 2,,,night,False,1.5,180.41739,5.8,24.9,Low
FKID006696,planned,construction,ORR North 1,"VeerannapalyaJunction(BEL,HO)",North Zone 1,night,False,1.5,144.90802,8.0,24.8,Low
FKID005527,planned,construction,Airport New South Road,,North Zone 1,evening_peak,False,1.5,38.89145,1.8,24.8,Low
FKID006807,planned,protest,Mysore Road,PoliceCornerJunc,Central Zone 2,night,False,1.5,8.391549,23.6,24.6,Low
FKID007687,planned,construction,Bellary Road 2,JakkurCrossJunction,North Zone 1,night,False,1.5,94.57714,10.7,24.4,Low
FKID005549,planned,construction,Airport New South Road,,North Zone 1,evening_peak,False,1.5,16.823536,1.8,24.3,Low
FKID006633,planned,public_event,Bellary Road 2,SadahalliGateJunc(AirportRd),,night,False,1.5,56.268047,10.7,24.2,Low
FKID007663,planned,construction,ORR North 1,"VeerannapalyaJunction(BEL,HO)",North Zone 1,night,False,1.5,114.843285,8.0,24.1,Low
FKID005587,planned,construction,Airport New South Road,,North Zone 1,evening_peak,False,1.5,9.107115,1.8,24.1,Low
FKID006594,planned,construction,Varthur Road,KundanahalliGateJunc,East Zone 1,night,False,1.5,192.1376,1.9,24.0,Low
FKID004700,planned,public_event,West of Chord Road,,West Zone 2,night,False,1.5,102.56996,5.8,23.8,Low
FKID006593,planned,construction,Varthur Road,KundanahalliGateJunc,East Zone 1,night,False,1.5,185.35803,1.9,23.8,Low
FKID006639,planned,public_event,Bellary Road 2,SadahalliGateJunc(AirportRd),,night,False,1.5,35.98056,10.7,23.7,Low
FKID002817,planned,tree_fall,ORR West 1,,,morning_peak,False,1.5,5.1721706,6.0,23.6,Low
FKID006638,planned,public_event,Bellary Road 2,SadahalliGateJunc(AirportRd),,night,False,1.5,28.143772,10.7,23.6,Low
FKID000166,planned,construction,Bellary Road 2,,,night,False,1.5,56.854897,10.7,23.5,Low
FKID002610,planned,construction,ORR East 2,,,night,False,1.5,114.350555,5.8,23.4,Low
FKID007244,planned,construction,Hennur Main Road,Nagavara-ORR Junction,North Zone 1,night,False,1.5,133.28416,3.9,23.2,Low
FKID000699,planned,construction,Bellary Road 2,,,night,False,1.5,37.88116,10.7,23.1,Low
FKID003510,planned,construction,ORR East 1,,,night,False,1.5,86.96007,6.9,23.1,Low
FKID007830,planned,construction,Bellary Road 2,YelhankaCircle,North Zone 2,night,False,1.5,35.915485,10.7,23.0,Low
FKID000158,planned,construction,Old Madras Road,,,night,False,1.5,55.927177,8.2,22.8,Low
FKID000040,planned,construction,ORR East 1,,,midday,False,1.5,7.0789833,6.9,22.8,Low
FKID000694,planned,construction,ORR West 1,,,night,False,1.5,76.63933,6.0,22.6,Low
FKID005979,planned,vehicle_breakdown,Old Airport Road,"KuvempuCircleJunc,HAL MainGate",East Zone 2,evening_peak,False,1.5,8.73508,2.4,22.5,Low
FKID005040,planned,others,Airport New South Road,,North Zone 1,evening_peak,False,1.5,1.6219962,1.8,22.2,Low
FKID007913,planned,construction,ORR North 1,Nagavara-ORR Junction,North Zone 1,night,False,1.5,17.53398,8.0,21.8,Low
FKID007012,planned,public_event,West of Chord Road,VijayanagarBusStandJunction,West Zone 2,night,False,1.5,6.2226048,5.8,21.6,Low
FKID007013,planned,public_event,West of Chord Road,VijayanagarBusStandJunction,West Zone 2,night,False,1.5,6.1554284,5.8,21.6,Low
FKID008159,planned,construction,Old Madras Road,AnilKumbleCircle,,night,False,1.5,8.264352,8.2,21.6,Low
FKID002192,planned,construction,ORR North 2,,,night,False,1.5,14.677359,7.7,21.6,Low
FKID006703,planned,procession,Hosur Road,Bommanahalli,South Zone 2,night,False,1.5,63.221634,8.9,21.4,Low
FKID001434,planned,construction,ORR North 2,,,night,False,1.5,3.076562,7.7,21.4,Low
FKID007823,planned,construction,ORR North 2,BEL Circle,North Zone 1,night,False,1.5,2.850874,7.7,21.4,Low
FKID005239,planned,construction,ORR East 1,,East Zone 1,night,False,1.5,11.004375,6.9,21.3,Low
FKID006486,planned,construction,IRR(Thanisandra road),Srinivagilu(Ejipura)Junc,Central Zone 1,night,False,1.5,44.119576,3.5,21.1,Low
FKID002212,planned,procession,Bannerghata Road,,,night,False,1.5,48.87643,7.4,20.6,Low
FKID005164,planned,construction,Airport New South Road,,North Zone 1,night,False,1.5,7.4889765,1.8,19.7,Low
FKID007717,planned,construction,Mysore Road,UniversityJunc(Janabharti),West Zone 1,,False,0.0,86.15886,23.6,19.5,Low
FKID001064,planned,public_event,Bellary Road 1,,,,False,0.0,74.19413,18.8,18.5,Low
FKID005754,planned,public_event,Bellary Road 1,,Central Zone 2,,False,0.0,40.48549,18.8,17.7,Low
FKID008080,planned,protest,Mysore Road,Richmond circle jn,,,False,0.0,16.608173,23.6,16.2,Low
FKID002092,planned,construction,Old Madras Road,,,,False,0.0,98.70533,8.2,15.2,Low
FKID000946,planned,public_event,CBD 2,,,,False,0.0,101.89499,3.4,14.5,Low
FKID000575,planned,construction,ORR East 2,,,,False,0.0,81.80162,5.8,14.0,Low
FKID001059,planned,construction,Old Airport Road,,,,False,0.0,110.54738,2.4,13.7,Low
FKID000439,planned,public_event,CBD 2,QueensStatueCircle,,,False,0.0,53.80907,3.4,13.4,Low
FKID001988,planned,public_event,CBD 2,,,,False,0.0,47.153736,3.4,13.2,Low
FKID001680,planned,public_event,CBD 2,,,,False,0.0,43.274982,3.4,13.1,Low
FKID000008,planned,public_event,CBD 2,QueensStatueCircle,,,False,0.0,37.64949,3.4,13.0,Low
FKID001683,planned,public_event,CBD 2,,,,False,0.0,38.68697,3.4,13.0,Low
FKID005469,planned,construction,Airport New South Road,,North Zone 1,,False,0.0,80.05974,1.8,12.8,Low
FKID004703,planned,procession,Magadi Road,,West Zone 1,,False,0.0,56.384388,8.0,12.4,Low
FKID007191,planned,procession,Airport New South Road,HennurRd-DavisRdJunction,North Zone 1,,False,0.0,47.83521,1.8,10.3,Low
